﻿Designator,Footprint,Quantity,Value,LCSC Part #
BT1,JST_PH_S2B-PH-K_1x02_P2.00mm_Horizontal,1,Battery,
BZ1,Buzzer_15x7.5RM7.6,1,Buzzer,
"C1, C2, C3",CP_EIA-6032-28_Kemet-C,3,10uF,
"C10, C5",0603,2,1uF,
C11,0603,1,10uC,
"C12, C16, C18",0603,3,100u,
"C13, C15, C17",0603,3,10pF,
C14,0603,1,100uF,
C6,0603,1,10uF,
C7,0603,1,22pF,
C8,0603,1,100nF,
C9,0603,1,0.47uF,
D2,D_SOD-923,1,ESD9B5.0ST5G,
"D4, D6, D7, D9",D_SMA,4,SS14,
J1,USB_Micro-B_Molex-105017-0001,1,USB_B_Micro,
J2,HRO_TYPE-C-31-M-12,1,TYPE-C-31-M-12,
J3,TE_4-1734592-0,1,FPC_Display,
J4,JST_EH_S4B-EH_1x04_P2.50mm_Horizontal,1,SensorSuhuAndHumidity,
"Q1, Q2",SOT-23,2,SS8050,
Q3,SOT-23-6L_TCP,1,FS8205A,
"Q4, Q5",DBZ0003A_M,2,Q_NPN_BEC,
"R1, R12, R13, R2, R35, R4",0402,6,10K,
"R10, R15, R29, R36, R6",0402,5,1K,
R11,0402,1,1.5K,
R14,0402,1,0.01,
R16,0402,1,100,
"R17, R19",0603,2,2.2K,
"R18, R20",0603,2,1.3K,
"R21, R31, R37, R7",0402,4,0,
"R3, R5",0402,2,12K,
R9,0402,1,1,
"TO1, TO2, TO3, TO4",TouchPad,4,Touch Pad,
TP1,TestPoint_Pad_D1.5mm,1,TC,
TP10,TestPoint_Pad_D1.5mm,1,GNDUSB,
"TP11, TP9",TestPoint_Pad_D1.5mm,2,PWBT,
TP2,TestPoint_Pad_D1.5mm,1,vout3v3,
TP3,TestPoint_Pad_D1.5mm,1,VIN,
"TP4, TP5",TestPoint_Pad_D1.5mm,2,PWLCD,
TP6,TestPoint_Pad_D1.5mm,1,4.2,
TP7,TestPoint_Pad_D1.5mm,1,5V,
TP8,TestPoint_Pad_D1.5mm,1,GNDBT,
U1,MODULE_BW16,1,BW16,
"U10, U11, U8, U9",SOT95P270X145-6N,4,ttp233,
"U12, U2",TO-263-5_TabPin3,2,MIC29302AWU,
U13,D16-M,1,CD4043BDR,
U14,D14-M,1,SN74HC08DR,
U3,SOP-16_3.9x9.9mm_P1.27mm,1,CH340C,
U4,IC_BQ27441DRZR-G1A,1,BQ27441DRZR-G1A,
U5,SOP8-PP_TPW,1,TP4056,
U6,SOT-23-6,1,DW01A,
U7,SOIC127P1032X265-16N,1,PCF8574A,
