"Id";"Designator";"Footprint";"Quantity";"Designation";"Supplier and ref";
1;"R8,R7,R13,R4,R8,R1,R12,R6,R7,R35,R2";"R_0402_1005Metric";11;"10K";;;
2;"J4";"JST_EH_S4B-EH_1x04_P2.50mm_Horizontal";1;"SensorSuhuAndHumidity";;;
3;"TO1,TO4,TO3,TO2";"TouchPad";4;"Touch Pad";;;
4;"BZ1";"Buzzer_15x7.5RM7.6";1;"Buzzer";;;
5;"J2";"Hirose_FH12-6S-0.5SH_1x06-1MP_P0.50mm_Horizontal";1;"FPC_Touch";;;
6;"J1";"USB_Micro-B_Molex-105017-0001";1;"USB_B_Micro";;;
7;"U8,U10,U11";"SOT95P270X145-6N";3;"ttp233";;;
8;"C12,C16,C18";"C_0603_1608Metric";3;"100u";;;
9;"R14";"R_0402_1005Metric";1;"0.01";;;
10;"R11";"R_0402_1005Metric";1;"1.5K";;;
11;"R5,R3";"R_0402_1005Metric";2;"12K";;;
12;"U2";"SOT-223-3_TabPin2";1;"AMS1117-3.3";;;
13;"Q4";"TO92127P520H533-3";1;"Q_NPN_BEC";;;
14;"R28,R27,R10,R15,R29";"R_0402_1005Metric";5;"1K";;;
15;"C8";"C_0603_1608Metric";1;"100nF";;;
16;"Q2,Q1";"SOT-23";2;"SS8050";;;
17;"R36";"R_0402_1005Metric";1;"1k";;;
18;"D2";"D_SOD-923";1;"ESD9B5.0ST5G";;;
19;"SW2,SW1";"KMR_2";2;"SW_MEC_5E";;;
20;"C17,C7,C13,C15";"C_0603_1608Metric";4;"22pF";;;
21;"D4,D6,D1,D7,D8,D5,D9";"D_SMA";7;"SS14";;;
22;"U1";"MODULE_BW16";1;"BW16";;;
23;"C6,C2,C3";"C_0603_1608Metric";3;"10uF";;;
24;"C11";"C_0603_1608Metric";1;"10uC";;;
25;"C4,C1";"C_0603_1608Metric";2;"0.1uF";;;
26;"U7";"SOIC127P1032X265-16N";1;"PCF8574A";;;
27;"R31,R37";"R_0402_1005Metric";2;"0";;;
28;"C9";"C_0603_1608Metric";1;"0.47uF";;;
29;"U5";"TP4056-42-ESOP8_TPW-L";1;"TP4056";;;
30;"C5,C10";"C_0603_1608Metric";2;"1uF";;;
31;"Q3";"SOT-23-6L_TCP";1;"FS8205A";;;
32;"U6";"SOT-23-6";1;"DW01A";;;
33;"U3";"SOP-16_3.9x9.9mm_P1.27mm";1;"CH340C";;;
34;"R9";"R_0402_1005Metric";1;"1";;;
35;"U4";"IC_BQ27441DRZR-G1A";1;"BQ27441DRZR-G1A";;;
36;"C14";"C_0603_1608Metric";1;"100uF";;;
37;"R16";"R_0402_1005Metric";1;"100";;;
38;"U9";"SOT95P270X145-6N";1;"TTP233";;;
39;"BT1";"JST_EH_S2B-EH_1x02_P2.50mm_Horizontal";1;"Battery";;;
