Ref,Val,Package,PosX,PosY,Rot,Side
"BZ1","Buzzer","Buzzer_15x7.5RM7.6",91.800000,-105.600000,180.000000,top
"J1","USB_B_Micro","USB_Micro-B_Molex-105017-0001",93.300000,-133.462500,0.000000,top
"J2","TYPE-C-31-M-12","HRO_TYPE-C-31-M-12",104.775000,-134.500000,0.000000,top
"J3","FPC_Display","TE_4-1734592-0",144.800000,-87.000000,-90.000000,top
"TO1","Touch Pad","TouchPad",172.300000,-120.200000,0.000000,top
"TO2","Touch Pad","TouchPad",154.800000,-140.275000,180.000000,top
"TO3","Touch Pad","TouchPad",137.900000,-119.400000,0.000000,top
"TO4","Touch Pad","TouchPad",119.900000,-120.300000,0.000000,top
