"Id";"Designator";"Footprint";"Quantity";"Designation";"Supplier and ref";
1;"TP5,TP4";"TestPoint_Pad_D1.5mm";2;"PWLCD";;;
2;"TP7";"TestPoint_Pad_D1.5mm";1;"5V";;;
3;"TP2";"TestPoint_Pad_D1.5mm";1;"vout3v3";;;
4;"TP3";"TestPoint_Pad_D1.5mm";1;"VIN";;;
5;"TO1,TO4,TO3,TO2";"TouchPad";4;"Touch Pad";;;
6;"TP6";"TestPoint_Pad_D1.5mm";1;"4.2";;;
7;"J2";"HRO_TYPE-C-31-M-12";1;"TYPE-C-31-M-12";;;
8;"BZ1";"Buzzer_15x7.5RM7.6";1;"Buzzer";;;
9;"TP10";"TestPoint_Pad_D1.5mm";1;"GNDUSB";;;
10;"TP8";"TestPoint_Pad_D1.5mm";1;"GNDBT";;;
11;"TP11,TP9";"TestPoint_Pad_D1.5mm";2;"PWBT";;;
12;"J1";"USB_Micro-B_Molex-105017-0001";1;"USB_B_Micro";;;
13;"TP1";"TestPoint_Pad_D1.5mm";1;"TC";;;
14;"R13,R7,R4,R1,R12,R8,R35,R2";"R_0402_1005Metric";8;"10K";;;
15;"U8,U10,U11";"SOT95P270X145-6N";3;"ttp233";;;
16;"C12,C16,C18";"C_0603_1608Metric";3;"100u";;;
17;"R17,R19";"R_0603_1608Metric";2;"2.2K";;;
18;"J4";"JST_EH_S4B-EH_1x04_P2.50mm_Horizontal";1;"SensorSuhuAndHumidity";;;
19;"R18,R20";"R_0603_1608Metric";2;"1.3K";;;
20;"R14";"R_0402_1005Metric";1;"0.01";;;
21;"R11";"R_0402_1005Metric";1;"1.5K";;;
22;"R5,R3";"R_0402_1005Metric";2;"12K";;;
23;"U2,U12";"TO-263-5_TabPin3";2;"MIC29302AWU";;;
24;"Q4,Q5";"DBZ0003A_M";2;"Q_NPN_BEC";;;
25;"R28,R27,R10,R15,R29,R6";"R_0402_1005Metric";6;"1K";;;
26;"C8";"C_0603_1608Metric";1;"100nF";;;
27;"Q2,Q1";"SOT-23";2;"SS8050";;;
28;"R36";"R_0402_1005Metric";1;"1k";;;
29;"D2";"D_SOD-923";1;"ESD9B5.0ST5G";;;
30;"R23,R24,R31,R37,R25,R21";"R_0402_1005Metric";6;"0";;;
31;"U13";"D16-M";1;"CD4043BDR";;;
32;"C17,C13,C15";"C_0603_1608Metric";3;"10pF";;;
33;"D4,D6,D7,D9";"D_SMA";4;"SS14";;;
34;"C7";"C_0603_1608Metric";1;"22pF";;;
35;"U1";"MODULE_BW16";1;"BW16";;;
36;"C6";"C_0603_1608Metric";1;"10uF";;;
37;"C11";"C_0603_1608Metric";1;"10uC";;;
38;"U7";"SOIC127P1032X265-16N";1;"PCF8574A";;;
39;"C9";"C_0603_1608Metric";1;"0.47uF";;;
40;"U5";"SOP8-PP_TPW";1;"TP4056";;;
41;"C5,C10";"C_0603_1608Metric";2;"1uF";;;
42;"Q3";"SOT-23-6L_TCP";1;"FS8205A";;;
43;"C2,C1,C3";"CP_EIA-6032-28_Kemet-C";3;"10uF";;;
44;"U6";"SOT-23-6";1;"DW01A";;;
45;"U3";"SOP-16_3.9x9.9mm_P1.27mm";1;"CH340C";;;
46;"R9";"R_0402_1005Metric";1;"1";;;
47;"U4";"IC_BQ27441DRZR-G1A";1;"BQ27441DRZR-G1A";;;
48;"C14";"C_0603_1608Metric";1;"100uF";;;
49;"R16";"R_0402_1005Metric";1;"100";;;
50;"U14";"D14-M";1;"SN74HC08DR";;;
51;"U9";"SOT95P270X145-6N";1;"TTP233";;;
52;"BT1";"JST_PH_S2B-PH-K_1x02_P2.00mm_Horizontal";1;"Battery";;;
